/*
  # Seed Initial Data

  1. Insert default courses with questions
  2. Insert sample articles
  3. Insert default certificate template
*/

-- Insert default courses
INSERT INTO courses (id, title, description, video_url, duration, category, is_active, passing_score) VALUES
('550e8400-e29b-41d4-a716-446655440001', 'CPR พื้นฐานสำหรับผู้ใหญ่', 'เรียนรู้เทคนิค CPR สำหรับผู้ใหญ่ ตามมาตรฐาน American Heart Association รวมถึงการใช้ AED เบื้องต้น', 'https://www.youtube.com/embed/VASywEuqFd8', '25 นาที', 'CPR', true, 70),
('550e8400-e29b-41d4-a716-446655440002', 'การใช้เครื่อง AED อย่างปลอดภัย', 'เรียนรู้วิธีการใช้เครื่องกระตุ้นหัวใจอัตโนมัติ (AED) อย่างถูกต้องและปลอดภัย พร้อมการปฏิบัติตามขั้นตอนมาตรฐาน', 'https://www.youtube.com/embed/BQdNbXgAhc4', '18 นาที', 'AED', true, 80),
('550e8400-e29b-41d4-a716-446655440003', 'ปฐมพยาบาลเด็กและทารก', 'เทคนิคการช่วยชีวิตเด็กและทารก รวมถึง CPR สำหรับเด็ก การช่วยเหลือเด็กสำลัก และการประเมินสถานการณ์เฉพาะ', 'https://www.youtube.com/embed/R-6K2VNVz5c', '22 นาที', 'ปฐมพยาบาล', true, 75);

-- Insert pre-test questions for CPR course
INSERT INTO questions (course_id, type, question, options, correct_answer, explanation) VALUES
('550e8400-e29b-41d4-a716-446655440001', 'pre', 'อัตราการกดอกที่ถูกต้องสำหรับ CPR ผู้ใหญ่คือเท่าไร?', '["80-100 ครั้งต่อนาที", "100-120 ครั้งต่อนาที", "120-140 ครั้งต่อนาที", "60-80 ครั้งต่อนาที"]', 1, 'อัตราการกดอกที่ถูกต้องตามมาตรฐาน AHA คือ 100-120 ครั้งต่อนาที เพื่อให้การไหลเวียนของเลือดมีประสิทธิภาพสูงสุด'),
('550e8400-e29b-41d4-a716-446655440001', 'pre', 'ความลึกในการกดอกที่เหมาะสมสำหรับผู้ใหญ่คือเท่าไร?', '["1-2 นิ้ว (2.5-5 ซม.)", "2-2.4 นิ้ว (5-6 ซม.)", "3-4 นิ้ว (7.5-10 ซม.)", "1 นิ้ว (2.5 ซม.)"]', 1, 'ควรกดลึกอย่างน้อย 2 นิ้ว (5 ซม.) แต่ไม่เกิน 2.4 นิ้ว (6 ซม.) เพื่อให้เลือดไหลเวียนได้ดีโดยไม่ทำให้เกิดการบาดเจ็บ'),
('550e8400-e29b-41d4-a716-446655440001', 'pre', 'ก่อนเริ่มทำ CPR ควรตรวจสอบอะไรก่อน?', '["ชีพจรที่ข้อมือ", "การตอบสนองและการหายใจ", "อุณหภูมิร่างกาย", "ความดันโลหิต"]', 1, 'ต้องตรวจสอบการตอบสนอง (เขย่าไหล่และตะโกนเรียก) และการหายใจปกติก่อน หากไม่มีการตอบสนองและไม่หายใจปกติให้เริ่ม CPR ทันที');

-- Insert post-test questions for CPR course
INSERT INTO questions (course_id, type, question, options, correct_answer, explanation) VALUES
('550e8400-e29b-41d4-a716-446655440001', 'post', 'อัตราส่วนการกดอกต่อการช่วยหายใจสำหรับผู้ใหญ่คือเท่าไร?', '["15:2", "30:2", "20:2", "25:2"]', 1, 'อัตราส่วนที่ถูกต้องคือ 30:2 (30 ครั้งกดอก : 2 ครั้งช่วยหายใจ) สำหรับผู้ใหญ่และเด็กอายุมากกว่า 8 ปี'),
('550e8400-e29b-41d4-a716-446655440001', 'post', 'ควรวางมือตรงตำแหน่งใดเมื่อทำ CPR?', '["บนท้อง", "กึ่งกลางของกระดูกอก", "ด้านซ้ายของอก", "บริเวณคอ"]', 1, 'วางมือที่กึ่งกลางของกระดูกอก (sternum) ระหว่างหัวนม ใช้ส้นมือข้างหนึ่งวางบนกระดูกอก มืออีกข้างทับซ้อน'),
('550e8400-e29b-41d4-a716-446655440001', 'post', 'เมื่อไหร่ควรหยุดทำ CPR?', '["เมื่อเหนื่อยมาก", "เมื่อทำไป 5 นาที", "เมื่อผู้ป่วยฟื้นคืนสติหรือมีเจ้าหน้าที่การแพทย์มาถึง", "เมื่อมีคนอื่นมาช่วย"]', 2, 'ควรทำ CPR ต่อเนื่องจนกว่าผู้ป่วยจะฟื้นคืนสติ มีการหายใจปกติ หรือเจ้าหน้าที่การแพทย์มาถึงและรับช่วงต่อ'),
('550e8400-e29b-41d4-a716-446655440001', 'post', 'หากมี AED ควรใช้เมื่อไหร่?', '["หลังทำ CPR 10 นาที", "ทันทีที่มี AED พร้อมใช้งาน", "หลังโทรเรียกความช่วยเหลือ", "เมื่อผู้ป่วยฟื้นคืนสติ"]', 1, 'ควรใช้ AED ทันทีที่มีพร้อมใช้งาน เพราะการกระตุ้นหัวใจด้วยไฟฟ้าในช่วงแรกจะมีโอกาสช่วยชีวิตได้สูงที่สุด'),
('550e8400-e29b-41d4-a716-446655440001', 'post', 'การช่วยหายใจที่ถูกต้องควรใช้เวลาเท่าไร?', '["0.5 วินาที", "1 วินาที", "2 วินาที", "3 วินาที"]', 1, 'การช่วยหายใจแต่ละครั้งควรใช้เวลา 1 วินาที เป่าลมให้เห็นอกขยับขึ้น หลีกเลี่ยงการเป่าแรงเกินไปที่อาจทำให้อากาศเข้าท้อง');

-- Insert questions for AED course
INSERT INTO questions (course_id, type, question, options, correct_answer, explanation) VALUES
('550e8400-e29b-41d4-a716-446655440002', 'pre', 'AED ย่อมาจากอะไร?', '["Automatic Emergency Device", "Automated External Defibrillator", "Advanced Emergency Device", "Automatic External Device"]', 1, 'AED ย่อมาจาก Automated External Defibrillator หรือเครื่องกระตุ้นหัวใจอัตโนมัติภายนอก'),
('550e8400-e29b-41d4-a716-446655440002', 'pre', 'AED สามารถใช้กับผู้ป่วยในสถานการณ์ใดบ้าง?', '["ผู้ป่วยที่หมดสติทุกราย", "ผู้ป่วยหัวใจหยุดเต้นเท่านั้น", "ผู้ป่วยที่มีอาการชัก", "ผู้ป่วยที่หายใจลำบาก"]', 1, 'AED ใช้เฉพาะกับผู้ป่วยหัวใจหยุดเต้น (cardiac arrest) ที่ไม่มีการตอบสนองและไม่หายใจปกติเท่านั้น');

-- Insert post-test questions for AED course
INSERT INTO questions (course_id, type, question, options, correct_answer, explanation) VALUES
('550e8400-e29b-41d4-a716-446655440002', 'post', 'ขั้นตอนแรกในการใช้ AED คืออะไร?', '["ติด electrode pads", "เปิดเครื่อง AED", "ตรวจสอบการตอบสนอง", "กดปุ่ม analyze"]', 2, 'ต้องตรวจสอบการตอบสนองของผู้ป่วยก่อน หากไม่มีการตอบสนองและไม่หายใจปกติ จึงเปิดเครื่อง AED'),
('550e8400-e29b-41d4-a716-446655440002', 'post', 'ก่อนกด shock ต้องทำอะไร?', '["ตะโกนเตือน \"ห่างออก\" และตรวจสอบไม่มีใครสัมผัสผู้ป่วย", "นับ 1-2-3", "ตรวจชีพจร", "ปิดตาผู้ป่วย"]', 0, 'ต้องตะโกนเตือน "ห่างออก" (Clear) และตรวจสอบให้แน่ใจว่าไม่มีใครสัมผัสผู้ป่วยก่อนกด shock เพื่อความปลอดภัย'),
('550e8400-e29b-41d4-a716-446655440002', 'post', 'หลังจาก shock แล้วควรทำอะไรต่อ?', '["รอดูผลลัพธ์", "ตรวจชีพจร", "เริ่มทำ CPR ทันที", "ถอด electrode pads"]', 2, 'หลัง shock ให้เริ่มทำ CPR ทันที 30:2 เป็นเวลา 2 นาที จากนั้น AED จะวิเคราะห์จังหวะหัวใจอีกครั้ง'),
('550e8400-e29b-41d4-a716-446655440002', 'post', 'electrode pads ควรติดตรงตำแหน่งใด?', '["ทั้งสองข้างของอก", "ด้านขวาของอกและด้านซ้ายของซี่โครง", "บนหัวใจ", "บนหลังและหน้าอก"]', 1, 'ติด pad หนึ่งแผ่นที่ด้านขวาของอก (ใต้กระดูกไหปลาร้า) และอีกแผ่นที่ด้านซ้ายของซี่โครง (ใต้รักแร้ซ้าย)');

-- Insert questions for pediatric course
INSERT INTO questions (course_id, type, question, options, correct_answer, explanation) VALUES
('550e8400-e29b-41d4-a716-446655440003', 'pre', 'CPR สำหรับเด็กอายุ 1-8 ปี ควรใช้กี่มือในการกดอก?', '["1 มือ", "2 มือ", "2 นิ้ว", "ส้นมือข้างเดียว"]', 3, 'สำหรับเด็กอายุ 1-8 ปี ใช้ส้นมือข้างเดียวกดอก เพื่อให้เหมาะสมกับขนาดร่างกายของเด็ก'),
('550e8400-e29b-41d4-a716-446655440003', 'pre', 'อัตราส่วน CPR สำหรับเด็กเมื่อมีผู้ช่วยเหลือ 2 คนคือเท่าไร?', '["30:2", "15:2", "20:2", "25:2"]', 1, 'เมื่อมีผู้ช่วยเหลือ 2 คน อัตราส่วน CPR สำหรับเด็กคือ 15:2 เพื่อให้การช่วยหายใจมีประสิทธิภาพมากขึ้น');

-- Insert post-test questions for pediatric course
INSERT INTO questions (course_id, type, question, options, correct_answer, explanation) VALUES
('550e8400-e29b-41d4-a716-446655440003', 'post', 'การกดอกสำหรับทารกอายุต่ำกว่า 1 ปี ควรใช้อะไร?', '["ส้นมือ 2 ข้าง", "ส้นมือข้างเดียว", "2 นิ้ว (นิ้วชี้และนิ้วกลาง)", "หัวแม่มือ"]', 2, 'สำหรับทารกใช้ 2 นิ้ว (นิ้วชี้และนิ้วกลาง) กดที่กึ่งกลางอก ใต้เส้นเชื่อมหัวนมประมาณ 1 นิ้ว'),
('550e8400-e29b-41d4-a716-446655440003', 'post', 'ความลึกในการกดอกสำหรับเด็กควรเป็นเท่าไร?', '["1/3 ของความหนาอก", "1/2 ของความหนาอก", "2 นิ้ว", "3 นิ้ว"]', 0, 'สำหรับเด็กและทารก ควรกดลึกประมาณ 1/3 ของความหนาอก หรือประมาณ 1.5-2 นิ้วสำหรับเด็ก และ 1.5 นิ้วสำหรับทารก'),
('550e8400-e29b-41d4-a716-446655440003', 'post', 'เด็กสำลักควรใช้วิธีใด?', '["Heimlich maneuver", "การตบหลัง 5 ครั้ง แล้วกดอก 5 ครั้ง", "การกดท้อง", "การเขย่าตัว"]', 1, 'สำหรับเด็กสำลัก ให้ตบหลัง 5 ครั้ง แล้วกดอก 5 ครั้ง สลับกันไปจนกว่าสิ่งแปลกปลอมจะออกหรือเด็กหมดสติ');

-- Insert sample articles
INSERT INTO articles (title, excerpt, content, category, author, read_time, image, is_published) VALUES
('สัญญาณเตือนของการหัวใจหยุดเต้นกะทันหัน', 'เรียนรู้วิธีการสังเกตสัญญาณเตือนของการหัวใจหยุดเต้นกะทันหัน เพื่อการช่วยเหลือที่รวดเร็วและมีประสิทธิภาพ', 'การหัวใจหยุดเต้นกะทันหัน (Sudden Cardiac Arrest) เป็นภาวะฉุกเฉินที่อันตรายถึงชีวิต ซึ่งหัวใจหยุดสูบฉีดเลือดไปเลี้ยงอวัยวะต่างๆ ในร่างกายอย่างกะทันหัน

## สัญญาณเตือนที่ควรสังเกต:

### สัญญาณก่อนเกิดเหตุ (อาจเกิดขึ้นก่อนหน้าหลายวันหรือหลายสัปดาห์):
- เจ็บแน่นหน้าอกที่มาและหายไป
- หายใจลำบาก โดยเฉพาะเมื่อออกแรง
- เหนื่อยง่ายผิดปกติ
- เวียนศีรษะหรือเป็นลม
- หัวใจเต้นผิดจังหวะ

### สัญญาณขณะเกิดเหตุ:
- หมดสติกะทันหัน
- ไม่มีการตอบสนอง
- ไม่หายใจหรือหายใจผิดปกติ (หอบ ครางเสียงดัง)
- ไม่มีชีพจร
- ผิวหนังเปลี่ยนเป็นสีน้ำเงินหรือซีด

## การช่วยเหลือเบื้องต้น:

1. **ตรวจสอบการตอบสนอง** - เขย่าไหล่และตะโกนเรียก
2. **โทรเรียกความช่วยเหลือ** - โทร 1669 ทันที
3. **เริ่มทำ CPR** - หากไม่มีการตอบสนองและไม่หายใจปกติ
4. **ใช้ AED** - หากมีเครื่องพร้อมใช้งาน

## ข้อควรจำ:
- เวลาเป็นสิ่งสำคัญที่สุด ทุกนาทีที่ผ่านไปโอกาสรอดชีวิตจะลดลง 7-10%
- การทำ CPR และใช้ AED ในช่วง 3-5 นาทีแรกจะช่วยเพิ่มโอกาสรอดชีวิตได้มากที่สุด
- อย่าลังเลที่จะช่วยเหลือ แม้จะไม่มีประสบการณ์ การช่วยเหลือที่ไม่สมบูรณ์ยังดีกว่าการไม่ช่วยเลย', 'CPR', 'ทีมแพทย์โรงพยาบาลจุฬาลงกรณ์', '8 นาที', 'https://images.pexels.com/photos/7659564/pexels-photo-7659564.jpeg?auto=compress&cs=tinysrgb&w=800', true),

('การช่วยเหลือผู้ป่วยสำลัก: เทคนิคที่อาจช่วยชีวิตได้', 'วิธีการช่วยเหลือเมื่อมีคนสำลักอาหารหรือของแปลกปลอม พร้อมเทคนิคสำหรับผู้ใหญ่ เด็ก และทารก', 'การสำลักเป็นภาวะฉุกเฉินที่พบได้บ่อย โดยเฉพาะในเด็กเล็กและผู้สูงอายุ การรู้วิธีช่วยเหลือที่ถูกต้องอาจช่วยชีวิตคนที่เรารักได้

## สัญญาณของการสำลัก:

### การสำลักบางส่วน (ยังพูดได้):
- ไอแรงๆ
- พูดได้แต่เสียงแหบ
- หายใจลำบาก
- ใบหน้าแดง

### การสำลักสมบูรณ์ (อันตราย):
- ไม่สามารถพูด ไอ หรือหายใจได้
- จับคอด้วยมือทั้งสอง (สัญญาณสากล)
- ใบหน้าเปลี่ยนเป็นสีน้ำเงิน
- หมดสติ

## วิธีการช่วยเหลือ:

### สำหรับผู้ใหญ่และเด็กอายุมากกว่า 1 ปี:
1. **ยืนข้างหลังผู้ป่วย** โอบแขนรอบเอว
2. **กำมือข้างหนึ่ง** วางหัวแม่มือที่กึ่งกลางท้องส่วนบน (เหนือสะดือ ใต้กระดูกอก)
3. **ใช้มืออีกข้างจับมือที่กำไว้** ดึงเข้าหาตัวและดันขึ้นอย่างแรง
4. **ทำซ้ำ** จนกว่าสิ่งแปลกปลอมจะออกหรือผู้ป่วยหมดสติ

### สำหรับทารกอายุต่ำกว่า 1 ปี:
1. **วางทารกคว่ำบนแขน** หัวต่ำกว่าลำตัว
2. **ตบหลัง 5 ครั้ง** ระหว่างสะบัก
3. **พลิกทารกหงาย** วางบนแขนอีกข้าง
4. **กดอก 5 ครั้ง** ใช้ 2 นิ้วกดที่กึ่งกลางอก
5. **สลับกัน** จนกว่าสิ่งแปลกปลอมจะออก

## ข้อควรระวัง:
- หากผู้ป่วยยังไอได้ ให้สนับสนุนให้ไอต่อไป
- อย่าใช้นิ้วคีบเอาสิ่งแปลกปลอมออก อาจทำให้ดันลึกเข้าไปมากขึ้น
- หากผู้ป่วยหมดสติ ให้เริ่มทำ CPR ทันที
- โทรเรียกความช่วยเหลือ 1669 ทันทีที่สถานการณ์อนุญาต', 'ปฐมพยาบาล', 'ทีมแพทย์ฉุกเฉินโรงพยาบาลศิริราช', '6 นาที', 'https://images.pexels.com/photos/4173251/pexels-photo-4173251.jpeg?auto=compress&cs=tinysrgb&w=800', true),

('การปฐมพยาบาลแผลและการห้ามเลือด', 'เทคนิคการดูแลแผลเบื้องต้นและวิธีการห้ามเลือดที่มีประสิทธิภาพ สำหรับการบาดเจ็บทั่วไป', 'การบาดเจ็บและแผลสามารถเกิดขึ้นได้ทุกที่ทุกเวลา การรู้วิธีปฐมพยาบาลเบื้องต้นจะช่วยลดความรุนแรงและป้องกันการติดเชื้อ

## ประเภทของแผล:

### แผลถลอก (Abrasion):
- ผิวหนังถูกขูดหรือเสียดสี
- มักมีเศษสิ่งสกปรกติดอยู่
- เลือดออกน้อย

### แผลฉีกขาด (Laceration):
- แผลที่มีขอบไม่เรียบ
- เกิดจากวัตุมีคม
- อาจเลือดออกมาก

### แผลแทง (Puncture):
- แผลลึกแต่ปากแผลเล็ก
- เกิดจากวัตุแหลมคม
- เสี่ยงต่อการติดเชื้อสูง

## การปฐมพยาบาลแผล:

### ขั้นตอนพื้นฐาน:
1. **ล้างมือ** ให้สะอาดก่อนสัมผัสแผล
2. **ห้ามเลือด** โดยการกดทับด้วยผ้าสะอาด
3. **ทำความสะอาดแผล** ด้วยน้ำสะอาดหรือน้ำเกลือ
4. **ใส่ยาฆ่าเชื้อ** หากมี
5. **ปิดแผล** ด้วยผ้าพันแผลหรือพลาสเตอร์

### การห้ามเลือด:
1. **การกดทับตรง** - กดที่แผลด้วยผ้าสะอาด
2. **การยกสูง** - ยกส่วนที่บาดเจ็บให้สูงกว่าหัวใจ
3. **การกดจุดกดเลือด** - กดหลอดเลือดแดงหลักก่อนถึงแผล

## เมื่อไหร่ต้องพบแพทย์:
- แผลลึกมากหรือเห็นกระดูก เอ็น
- เลือดออกไม่หยุดหลังกดทับ 10-15 นาที
- แผลใหญ่กว่า 1 ซม. หรือยาวกว่า 2 ซม.
- มีเศษสิ่งแปลกปลอมในแผลที่เอาออกไม่ได้
- แผลเกิดจากสัตว์กัดหรือวัตุสกปรก
- ไม่ได้ฉีดวัคซีนบาดทะยัก

## ข้อห้าม:
- อย่าใช้แอลกอฮอล์หรือไอโอดีนใส่แผลโดยตรง
- อย่าเป่าแผลหรือใช้ปากดูด
- อย่าใช้สำลีขนสัตว์ปิดแผล
- อย่าถอดเศษแก้วหรือโลหะที่ฝังลึก', 'ปฐมพยาบาล', 'ทีมพยาบาลฉุกเฉิน รพ.รามาธิบดี', '7 นาที', 'https://images.pexels.com/photos/6823567/pexels-photo-6823567.jpeg?auto=compress&cs=tinysrgb&w=800', true),

('การช่วยเหลือผู้ป่วยโรคหัวใจ: สัญญาณและการดูแลเฉพาะหน้า', 'รู้จักสัญญาณของโรคหัวใจเฉียบพลันและวิธีการช่วยเหลือเบื้องต้นก่อนส่งโรงพยาบาล', 'โรคหัวใจเป็นสาเหตุการเสียชีวิตอันดับต้นๆ ของคนไทย การรู้จักสัญญาณและการช่วยเหลือเบื้องต้นอาจช่วยชีวิตได้

## โรคหัวใจเฉียบพลันที่พบบ่อย:

### กล้ามเนื้อหัวใจขาดเลือด (Myocardial Infarction):
- เจ็บแน่นหน้าอกรุนแรง เหมือนถูกช้างเหยียบ
- ปวดแผ่ไปที่แขน คอ ขากรรไกร หลัง
- หายใจลำบาก เหงื่อออกมาก
- คลื่นไส้ อาเจียน
- วิงเวียนศีรษะ

### หัวใจเต้นผิดจังหวะ (Arrhythmia):
- หัวใจเต้นเร็วหรือช้าผิดปกติ
- เวียนศีรษะ เป็นลม
- เจ็บแน่นหน้าอก
- หายใจลำบาก

## การช่วยเหลือเบื้องต้น:

### สำหรับผู้ป่วยที่ยังมีสติ:
1. **ให้ผู้ป่วยนั่งหรือนอน** ในท่าที่สบาย
2. **คลายเสื้อผ้า** ให้หายใจสะดวก
3. **ให้ยาไนโตรกลีเซอรีน** หากผู้ป่วยมีประจำตัว
4. **ให้แอสไพริน** 1 เม็ด (300 มก.) เคี้ยวกลืน หากไม่แพ้
5. **โทรเรียกความช่วยเหลือ** 1669 ทันที
6. **เตรียมทำ CPR** หากผู้ป่วยหมดสติ

### สำหรับผู้ป่วยหมดสติ:
1. **ตรวจสอบการตอบสนอง** และการหายใจ
2. **โทร 1669** ทันที
3. **เริ่มทำ CPR** หากไม่มีชีพจร
4. **ใช้ AED** หากมีพร้อมใช้งาน

## ข้อควรระวัง:
- อย่าให้ผู้ป่วยเดินหรือออกแรง
- อย่าให้น้ำหรืออาหาร
- อย่าทิ้งผู้ป่วยไว้คนเดียว
- จดบันทึกเวลาที่เกิดอาการและการให้ยา

## การป้องกัน:
- ควบคุมความดันโลหิต น้ำตาลในเลือด
- ออกกำลังกายสม่ำเสมอ
- เลิกสูบบุหรี่
- รับประทานอาหารที่มีไขมันต่ำ
- ตรวจสุขภาพประจำปี', 'CPR', 'ทีมแพทย์หัวใจ รพ.ธรรมศาสตร์', '9 นาที', 'https://images.pexels.com/photos/7659567/pexels-photo-7659567.jpeg?auto=compress&cs=tinysrgb&w=800', true);

-- Insert default certificate template
INSERT INTO certificate_templates (name, image_url, is_default) VALUES
('เทมเพลตมาตรฐาน CPR', 'https://images.pexels.com/photos/6823567/pexels-photo-6823567.jpeg?auto=compress&cs=tinysrgb&w=800', true);